"scenario","n","method","runs","reject","reject_mcse","test_index","test_index_mcse","var_ratio","abs_cor","abs_cor_mcse","seconds","nonconverged"
"independent",300,"Gifi princals",46,0.0434782608695652,0.0300680032525272,0.00089148152126054,0.000120835057499942,0.962527430260634,NA,NA,0.212000000000003,0
"mixture",300,"Gifi princals",50,1,0,0.09823604540015,0.00344569344661462,2.67750481236381,0.907715017209413,0.00153116020755004,0.0670000000000073,0
"rare",300,"Gifi princals",39,1,0,0.106707159334827,0.00345622891871975,2.57479366189569,0.89646420386073,0.00191633133453696,0.05600000000004,0
"response_style",300,"Gifi princals",50,1,0,0.093929585503396,0.00284193321423763,2.61216091198768,0.887812528634653,0.00261320259511741,0.0599999999997181,0
"two_factor",300,"Gifi princals",48,1,0,0.0985546470840589,0.00256345226539597,2.68844226976567,0.895734006557411,0.00270199502897934,0.101000000000113,0
"independent",800,"Gifi princals",50,0.02,0.0197989898732233,0.000447796806485833,5.35251238450867e-05,1.00213056702335,NA,NA,0.334499999999991,0
"mixture",800,"Gifi princals",50,1,0,0.100115250441016,0.00179640966144162,2.72883024827369,0.91455337314229,0.00117163202311367,0.0820000000001073,0
"rare",800,"Gifi princals",50,1,0,0.109584325329591,0.00196528478821025,2.6482932517445,0.903657163775762,0.00114361142489951,0.0814999999997781,0
"response_style",800,"Gifi princals",50,1,0,0.102610948375227,0.00194279577475016,2.71726083039761,0.904875862391765,0.00134099130322797,0.0685000000003129,0
"two_factor",800,"Gifi princals",50,1,0,0.100442814367689,0.00184355572909029,2.72636785527963,0.909591719616279,0.00156561513253667,0.0919999999998709,0
"independent",300,"ordPens ordPCA",46,0.0434782608695652,0.0300680032525272,0.00137646742637867,0.000192439624174683,0.99511226111439,NA,NA,0.0130000000000194,0
"mixture",300,"ordPens ordPCA",50,1,0,0.110371943086932,0.00310214454679334,2.75229084351898,0.915687229516179,0.00161343354814597,0.0119999999999436,0
"rare",300,"ordPens ordPCA",39,1,0,0.121507635500811,0.00355273600797455,2.68269147599331,0.90544132577207,0.00155727048640619,0.0099999999999909,0
"response_style",300,"ordPens ordPCA",50,1,0,0.106461543495957,0.00294228232342201,2.68647201381586,0.899291376481471,0.00200500452868864,0.0120000000006257,0
"two_factor",300,"ordPens ordPCA",48,1,0,0.109266095853047,0.00223788266300246,2.75690280881711,0.905101863101933,0.00236450608404224,0.018500000000131,0
"independent",800,"ordPens ordPCA",50,0.12,0.0459565011723042,0.000765751798569676,9.81338418860069e-05,0.985937022349409,NA,NA,0.0395000000000039,0
"mixture",800,"ordPens ordPCA",50,1,0,0.105616784833715,0.00172049209357311,2.75559305654865,0.916184606420367,0.0011066651594316,0.0249999999998636,0
"rare",800,"ordPens ordPCA",50,1,0,0.11663720489338,0.00181702268450393,2.67888144911664,0.906075681568945,0.0011054141176888,0.0229999999996835,0
"response_style",800,"ordPens ordPCA",50,1,0,0.110078954211655,0.00185619479219429,2.74397201560122,0.908346463545054,0.00126306045101364,0.0264999999999418,0
"two_factor",800,"ordPens ordPCA",50,1,0,0.10523661225247,0.00167059679789295,2.74875394764232,0.912411778709414,0.00143567281199314,0.0280000000002474,0
"independent",300,"ordpp common",46,0.0434782608695652,0.0300680032525272,0.00163575704757245,0.000226250137895424,0.993744972543571,NA,NA,1.52499999999999,0
"mixture",300,"ordpp common",50,1,0,0.143560119548291,0.0036818800566799,2.5946943452093,0.88956289261222,0.00200869691594446,2.41699999999997,0
"rare",300,"ordpp common",39,1,0,0.149154572233394,0.00410086549758516,2.60208112283656,0.885949084467386,0.00203065318157068,2.25,0
"response_style",300,"ordpp common",50,1,0,0.133998548473531,0.00358314360277129,2.5409593316669,0.881595299695888,0.00202193114566262,1.86250000000041,0
"two_factor",300,"ordpp common",48,1,0,0.14555588843896,0.00326397143950114,2.61396952669886,0.889741736801172,0.00216580854145282,3.15550000000007,0
"independent",800,"ordpp common",50,0.04,0.027712812921102,0.000513740679428147,6.59799464926754e-05,0.999924545798924,NA,NA,2.41149999999999,0
"mixture",800,"ordpp common",50,1,0,0.143493975039759,0.00230067655419824,2.61602430608967,0.890140100905751,0.00140860155478644,3.96100000000001,0
"rare",800,"ordpp common",50,1,0,0.147321725438829,0.00222238110708274,2.59986047384239,0.886337062141823,0.00118030756238653,3.76549999999975,0
"response_style",800,"ordpp common",50,1,0,0.14416588944306,0.00246950089302986,2.6044110479598,0.889167411478132,0.00135284678308762,3.32750000000033,0
"two_factor",800,"ordpp common",50,1,0,0.144706855933619,0.00195174060893906,2.61862395200868,0.890701120174922,0.00114949599830581,3.70449999999983,0
"independent",300,"ordpp item",46,0.0434782608695652,0.0300680032525272,0.00141614645501307,0.000233861047114692,0.994763417355089,NA,NA,28.364,0
"mixture",300,"ordpp item",50,1,0,0.133359403802721,0.00358803386381485,2.5238735138398,0.879924065971529,0.0021327303588748,46.324,0
"rare",300,"ordpp item",39,1,0,0.142156982359764,0.00427663839131754,2.53368220009768,0.877063677901036,0.00234359777553631,42.0090000000002,1
"response_style",300,"ordpp item",50,1,0,0.125029969565141,0.00370436013521112,2.48040811278026,0.873750138782722,0.00231982285475784,38.3639999999996,0
"two_factor",300,"ordpp item",48,1,0,0.137325617153976,0.0031802390891061,2.55162909350627,0.881786378762615,0.00245818159958691,72.8325,0
"independent",800,"ordpp item",50,0.06,0.0335857112474933,0.000654323947218477,8.54744598171988e-05,0.993767201995422,NA,NA,32.5465,0
"mixture",800,"ordpp item",50,1,0,0.141323366060659,0.00228065826089521,2.57937498056817,0.884733863529664,0.00150707581324066,66.434,0
"rare",800,"ordpp item",50,1,0,0.145483170019545,0.00231645942032242,2.56810650167627,0.881508319662129,0.00121660832385566,60.0364999999999,0
"response_style",800,"ordpp item",50,1,0,0.141570640205537,0.00238792084391388,2.56630167732226,0.884345198280843,0.00146924782805103,44.9469999999997,0
"two_factor",800,"ordpp item",50,1,0,0.142944452040285,0.00204759066047044,2.58373031643403,0.885478608997007,0.0012079914193611,53.2659999999998,0
"independent",300,"ordpp linear",46,0.0217391304347826,0.0215015371759496,0.00168193190887719,0.000222241990440075,0.979201067739791,NA,NA,0.749499999999998,0
"mixture",300,"ordpp linear",50,1,0,0.113521168423515,0.00290331712174918,2.72499116071894,0.914678621455931,0.00155426298521798,0.678999999999974,0
"rare",300,"ordpp linear",39,1,0,0.120354832052641,0.00348874284009945,2.66366529837372,0.905627371474629,0.00190403019863282,0.577999999999975,0
"response_style",300,"ordpp linear",50,1,0,0.112195998107431,0.00290763323759379,2.68849822156082,0.901901747242695,0.00196335304654588,0.506499999999733,0
"two_factor",300,"ordpp linear",48,1,0,0.114739189156485,0.00241238510456169,2.7483168971742,0.91321315624,0.00174061367462298,0.83600000000024,0
"independent",800,"ordpp linear",50,0.06,0.0335857112474933,0.000512525594839806,6.67083063709034e-05,0.997429362908777,NA,NA,1.3365,0
"mixture",800,"ordpp linear",50,1,0,0.113228470517187,0.00177732710633424,2.75206964668456,0.916063517914994,0.00113417413788406,1.00249999999994,0
"rare",800,"ordpp linear",50,1,0,0.118338648201643,0.00176653814117697,2.6723304399231,0.906359798182796,0.00106208157326233,0.962499999999864,0
"response_style",800,"ordpp linear",50,1,0,0.119881882445747,0.0019650994753932,2.73583351265642,0.908550754551351,0.00112089649851675,0.912500000000364,0
"two_factor",800,"ordpp linear",50,1,0,0.114986587387749,0.00161094968785123,2.75974754890898,0.91608766403943,0.00098043303028986,0.989000000000033,0
"independent",300,"PCA, equal scores",46,0.0434782608695652,0.0300680032525272,0.00120804474145984,0.000167665844337421,0.99463093053563,NA,NA,0.0029999999999859,0
"mixture",300,"PCA, equal scores",50,1,0,0.116278738094926,0.00306367288251208,2.75766184047262,0.915735990774173,0.00166238997432028,0.00299999999992906,0
"rare",300,"PCA, equal scores",39,1,0,0.121722660240641,0.00328929318744751,2.68533422536741,0.906850178204991,0.00155814798844875,0.00299999999992906,0
"response_style",300,"PCA, equal scores",50,1,0,0.112161160409654,0.00295333646118853,2.69336950039077,0.900546570429053,0.00194145478685572,0.00200000000040745,0
"two_factor",300,"PCA, equal scores",48,1,0,0.113649492612432,0.00225870565168496,2.7602593872954,0.907975192315366,0.00192796871856545,0.00300000000015643,0
"independent",800,"PCA, equal scores",50,0.1,0.0424264068711929,0.000628352925187794,7.98463886578446e-05,0.986645740007911,NA,NA,0.0040000000000191,0
"mixture",800,"PCA, equal scores",50,1,0,0.113598989372174,0.00182537164118886,2.75826096081077,0.915655775973759,0.00113284503331075,0.00499999999988177,0
"rare",800,"PCA, equal scores",50,1,0,0.118252583796697,0.00173318216662084,2.67769332988637,0.906270848402504,0.0010385599574367,0.00400000000036016,0
"response_style",800,"PCA, equal scores",50,1,0,0.119517970903085,0.0019355447015348,2.74220100631621,0.907990097375839,0.00119516954237067,0.00399999999990541,0
"two_factor",800,"PCA, equal scores",50,1,0,0.112558154250072,0.00162457708738046,2.75425617291412,0.912591589232063,0.00135801845963709,0.00399999999990541,0
"independent",300,"Polychoric PCA",46,0,0,0.00126675263280798,0.000161972930485458,0.99582520802568,NA,NA,0.245999999999995,0
"mixture",300,"Polychoric PCA",50,1,0,0.115999475557223,0.00306902295766482,2.75578861175554,0.915439828861065,0.00169622541471734,0.330000000000041,0
"rare",300,"Polychoric PCA",39,1,0,0.121096483756483,0.00323139187194663,2.68133954563047,0.90657394093651,0.00158353049281327,0.257000000000062,0
"response_style",300,"Polychoric PCA",50,1,0,0.111596314323235,0.00294217200412226,2.68912012570954,0.900073997242799,0.00194160594026373,0.280499999999847,0
"two_factor",300,"Polychoric PCA",48,1,0,0.113189082979307,0.00228757046071706,2.75832422530937,0.907307798756266,0.00196704028495965,0.515499999999975,0
"independent",800,"Polychoric PCA",50,0.1,0.0424264068711929,0.000664325950691083,7.86812583860068e-05,0.995605062274288,NA,NA,0.298000000000002,0
"mixture",800,"Polychoric PCA",50,1,0,0.113439810374252,0.00184009543730241,2.75699629539719,0.915527374925546,0.00113284534558712,0.351999999999975,0
"rare",800,"Polychoric PCA",50,1,0,0.118010083276241,0.00174550102361275,2.67683332152918,0.906162374136444,0.00103343635122751,0.304499999999962,0
"response_style",800,"Polychoric PCA",50,1,0,0.119301850179548,0.00193525213830465,2.74079229461893,0.907845865786734,0.0012074524073468,0.259499999999662,0
"two_factor",800,"Polychoric PCA",50,1,0,0.112032081858827,0.0016360123816253,2.75113901273464,0.911940043689534,0.00138280727994898,0.263500000000477,0
