"n","p","scoring","seconds","iterations_cap"
250,5,"linear",0.052,100
500,5,"linear",0.0419999999999999,100
1000,5,"linear",0.062,100
2000,5,"linear",0.104,100
4000,5,"linear",0.164,100
250,10,"linear",0.085,100
500,10,"linear",0.151,100
1000,10,"linear",0.226,100
2000,10,"linear",0.417,100
4000,10,"linear",0.8,100
250,20,"linear",0.392,100
500,20,"linear",0.552,100
1000,20,"linear",0.686,100
2000,20,"linear",0.96,100
4000,20,"linear",1.824,100
250,5,"item",2.244,100
500,5,"item",3.6,100
1000,5,"item",5.436,100
2000,5,"item",8.166,100
4000,5,"item",15.643,100
250,10,"item",8.218,100
500,10,"item",17.492,100
1000,10,"item",27.071,100
2000,10,"item",47.819,100
4000,10,"item",82.81,100
250,20,"item",26.405,100
500,20,"item",39.023,100
1000,20,"item",52.704,100
2000,20,"item",89.855,100
4000,20,"item",172.178,100
