"study","n","strength","method","rate","runs","mcse"
"size",300,0,"Gifi princals",0.0368421052631579,190,0.0136660864422494
"size",800,0,"Gifi princals",0.07,200,0.0180416185526687
"power",300,0.1,"Gifi princals",0.0362694300518135,193,0.0134576592779387
"power",300,0.2,"Gifi princals",0.0558375634517767,197,0.0163588765639405
"power",300,0.3,"Gifi princals",0.232323232323232,198,0.0300125519234901
"power",300,0.1,"ordpp common",0.0673575129533679,193,0.0180414718564383
"power",300,0.2,"ordpp common",0.0609137055837563,197,0.0170402965310779
"power",300,0.3,"ordpp common",0.318181818181818,198,0.0331008673297463
"size",300,0,"ordpp item",0.0578947368421053,190,0.0169430837136214
"size",800,0,"ordpp item",0.035,200,0.012995191418367
"power",300,0.1,"ordpp item",0.0518134715025907,193,0.01595473449206
"power",300,0.2,"ordpp item",0.0761421319796954,197,0.0188965266484893
"power",300,0.3,"ordpp item",0.287878787878788,198,0.0321772703019066
"size",300,0,"ordpp linear",0.0452155625657203,951,0.00673761788084572
"size",800,0,"ordpp linear",0.041,1000,0.00627048642451285
"power",300,0.1,"ordpp linear",0.0621761658031088,193,0.0173817679194572
"power",300,0.2,"ordpp linear",0.065989847715736,197,0.0176881025881375
"power",300,0.3,"ordpp linear",0.318181818181818,198,0.0331008673297463
"size",300,0,"PCA, equal scores",0.0441640378548896,951,0.00666247835958563
"size",800,0,"PCA, equal scores",0.053,1000,0.00708456067798138
"power",300,0.1,"PCA, equal scores",0.0466321243523316,193,0.0151772889594674
"power",300,0.2,"PCA, equal scores",0.0812182741116751,197,0.0194625588832569
"power",300,0.3,"PCA, equal scores",0.51010101010101,198,0.0355262010008134
"size",300,0,"Polychoric PCA",0.0441640378548896,951,0.00666247835958563
"size",800,0,"Polychoric PCA",0.049,1000,0.00682634602111554
"power",300,0.1,"Polychoric PCA",0.0259067357512953,193,0.0114347839466593
"power",300,0.2,"Polychoric PCA",0.101522842639594,197,0.0215180192536124
"power",300,0.3,"Polychoric PCA",0.545454545454545,198,0.0353863156437056
