"Variant","Valid. index","Var ratio","|cos| with selected","Max score change"
"default",0.136847664911981,2.67984610861257,0.9999999955634,0.00119380688475768
"grid 0.1-2, L=15",0.133008250484772,2.68409351056639,0.999987915970882,0.0120746213273597
"grid 0.5-5, L=15",0.171238165004715,2.67806365860588,0.999999752733118,0.0120096253822721
"grid 0.2-3, L=30",0.143247664279244,2.67964612041256,0.999999951937522,0.00394823602858541
"min gap 0.01",0.136890069224789,2.67619644231763,0.99999968913477,0.0111627907912957
"min gap 0.10",0.13660707031085,2.69239349426766,0.999993898952995,0.0399964325371931
"variance floor 0.01",0.136847664911981,2.67984610861257,0.9999999955634,0.00119380688475768
"variance floor 0.20",0.136847664911981,2.67984610861257,0.9999999955634,0.00119380688475768
"shape index",0.0670809521005274,0.425176541683354,0.0112634441032291,0.955840734714303
